Month,SOI_index,Weather
01/01/1866,-0.616,El Nino
01/02/1866,-0.117,La Nada
01/03/1866,-0.615,El Nino
01/04/1866,-0.646,El Nino
01/05/1866,0.038,La Nada
01/06/1866,-0.815,El Nino
01/07/1866,-0.345,La Nada
01/08/1866,0.36,La Nada
01/09/1866,-0.176,La Nada
01/10/1866,0.072,La Nada
01/11/1866,1.097,La Nina
01/12/1866,-0.159,La Nada
01/01/1867,0.095,La Nada
01/02/1867,-0.012,La Nada
01/03/1867,-0.091,La Nada
01/04/1867,0.83,La Nina
01/05/1867,0.503,La Nina
01/06/1867,-0.483,El Nino
01/07/1867,0.44,La Nada
01/08/1867,0.34,La Nada
01/09/1867,0.12,La Nada
01/10/1867,-0.558,El Nino
01/11/1867,-0.649,El Nino
01/12/1867,-0.889,El Nino
01/01/1868,-0.163,La Nada
01/02/1868,-0.337,La Nada
01/03/1868,-1.563,El Nino
01/04/1868,0.303,La Nada
01/05/1868,-1.336,El Nino
01/06/1868,-2.199,El Nino
01/07/1868,-0.402,La Nada
01/08/1868,-1.415,El Nino
01/09/1868,-1.226,El Nino
01/10/1868,-1.241,El Nino
01/11/1868,-1.493,El Nino
01/12/1868,0.515,La Nina
01/01/1869,-1.896,El Nino
01/02/1869,-0.264,La Nada
01/03/1869,-0.586,El Nino
01/04/1869,2.117,La Nina
01/05/1869,1.405,La Nina
01/06/1869,1.534,La Nina
01/07/1869,1.422,La Nina
01/08/1869,0.936,La Nina
01/09/1869,0.117,La Nada
01/10/1869,0.852,La Nina
01/11/1869,0.563,La Nina
01/12/1869,0.422,La Nada
01/01/1870,0.181,La Nada
01/02/1870,-0.746,El Nino
01/03/1870,0.472,La Nina
01/04/1870,-0.113,La Nada
01/05/1870,-1.103,El Nino
01/06/1870,0.172,La Nada
01/07/1870,0.979,La Nina
01/08/1870,-0.002,La Nada
01/09/1870,-0.578,El Nino
01/10/1870,-0.856,El Nino
01/11/1870,-1.294,El Nino
01/12/1870,-1.129,El Nino
01/01/1871,-0.129,La Nada
01/02/1871,-2,El Nino
01/03/1871,-0.456,La Nada
01/04/1871,-0.47,El Nino
01/05/1871,0.245,La Nada
01/06/1871,0.313,La Nada
01/07/1871,0.382,La Nada
01/08/1871,0.576,La Nina
01/09/1871,-0.138,La Nada
01/10/1871,-0.021,La Nada
01/11/1871,0.97,La Nina
01/12/1871,2.69,La Nina
01/01/1872,1.117,La Nina
01/02/1872,1.689,La Nina
01/03/1872,-0.541,El Nino
01/04/1872,1.354,La Nina
01/05/1872,2.454,La Nina
01/06/1872,2.301,La Nina
01/07/1872,0.986,La Nina
01/08/1872,3.142,La Nina
01/09/1872,1.895,La Nina
01/10/1872,3.092,La Nina
01/11/1872,2.795,La Nina
01/12/1872,2.469,La Nina
01/01/1873,1.124,La Nina
01/02/1873,1.627,La Nina
01/03/1873,2.285,La Nina
01/04/1873,1.185,La Nina
01/05/1873,-3.09,El Nino
01/06/1873,-1.141,El Nino
01/07/1873,-0.586,El Nino
01/08/1873,-2.134,El Nino
01/09/1873,-1.775,El Nino
01/10/1873,-0.356,La Nada
01/11/1873,1.332,La Nina
01/12/1873,0.901,La Nina
01/01/1874,-0.277,La Nada
01/02/1874,-0.52,El Nino
01/03/1874,0.978,La Nina
01/04/1874,1.289,La Nina
01/05/1874,-1.923,El Nino
01/06/1874,-0.144,La Nada
01/07/1874,0.753,La Nina
01/08/1874,2.031,La Nina
01/09/1874,2.193,La Nina
01/10/1874,0.534,La Nina
01/11/1874,1.277,La Nina
01/12/1874,0.655,La Nina
01/01/1875,-0.112,La Nada
01/02/1875,-0.997,El Nino
01/03/1875,1.4,La Nina
01/04/1875,0.753,La Nina
01/05/1875,2.573,La Nina
01/06/1875,-0.485,El Nino
01/07/1875,-0.212,La Nada
01/08/1875,0.826,La Nina
01/09/1875,0.929,La Nina
01/10/1875,-1.54,El Nino
01/11/1875,-0.54,El Nino
01/12/1875,1.156,La Nina
01/01/1876,0.981,La Nina
01/02/1876,-0.102,La Nada
01/03/1876,0.936,La Nina
01/04/1876,0.745,La Nina
01/05/1876,1.976,La Nina
01/06/1876,-0.509,El Nino
01/07/1876,1.082,La Nina
01/08/1876,0.98,La Nina
01/09/1876,-1,El Nino
01/10/1876,-0.464,La Nada
01/11/1876,-0.451,La Nada
01/12/1876,-0.882,El Nino
01/01/1877,-1.444,El Nino
01/02/1877,-1.069,El Nino
01/03/1877,-3.873,El Nino
01/04/1877,-1.706,El Nino
01/05/1877,-4.344,El Nino
01/06/1877,-0.957,El Nino
01/07/1877,-1.058,El Nino
01/08/1877,-1.71,El Nino
01/09/1877,-1.697,El Nino
01/10/1877,-1.307,El Nino
01/11/1877,-1.516,El Nino
01/12/1877,-0.979,El Nino
01/01/1878,-2.216,El Nino
01/02/1878,-1.857,El Nino
01/03/1878,-1.068,El Nino
01/04/1878,0.103,La Nada
01/05/1878,-0.587,El Nino
01/06/1878,1.597,La Nina
01/07/1878,1.124,La Nina
01/08/1878,1.695,La Nina
01/09/1878,0.937,La Nina
01/10/1878,1.387,La Nina
01/11/1878,1.892,La Nina
01/12/1878,1.283,La Nina
01/01/1879,1.329,La Nina
01/02/1879,1.304,La Nina
01/03/1879,1.589,La Nina
01/04/1879,0.103,La Nada
01/05/1879,1.849,La Nina
01/06/1879,2.192,La Nina
01/07/1879,2.201,La Nina
01/08/1879,1.795,La Nina
01/09/1879,1.525,La Nina
01/10/1879,0.761,La Nina
01/11/1879,-0.708,El Nino
01/12/1879,1.136,La Nina
01/01/1880,0.703,La Nina
01/02/1880,1.429,La Nina
01/03/1880,0.788,La Nina
01/04/1880,1.225,La Nina
01/05/1880,0.973,La Nina
01/06/1880,0.212,La Nada
01/07/1880,1.261,La Nina
01/08/1880,0.734,La Nina
01/09/1880,0.561,La Nina
01/10/1880,0.742,La Nina
01/11/1880,-0.332,La Nada
01/12/1880,-0.84,El Nino
01/01/1881,-0.667,El Nino
01/02/1881,0.016,La Nada
01/03/1881,0.429,La Nada
01/04/1881,-0.555,El Nino
01/05/1881,-0.783,El Nino
01/06/1881,-0.509,El Nino
01/07/1881,-1.395,El Nino
01/08/1881,-1.352,El Nino
01/09/1881,-2.599,El Nino
01/10/1881,0.492,La Nina
01/11/1881,0.698,La Nina
01/12/1881,-0.764,El Nino
01/01/1882,-0.261,La Nada
01/02/1882,0.409,La Nada
01/03/1882,-0.055,La Nada
01/04/1882,0.347,La Nada
01/05/1882,-1.754,El Nino
01/06/1882,-2.125,El Nino
01/07/1882,-2.743,El Nino
01/08/1882,-1.444,El Nino
01/09/1882,-0.093,La Nada
01/10/1882,0.212,La Nada
01/11/1882,1.044,La Nina
01/12/1882,0.48,La Nina
01/01/1883,-0.948,El Nino
01/02/1883,-2.938,El Nino
01/03/1883,1.632,La Nina
01/04/1883,1.468,La Nina
01/05/1883,0.257,La Nada
01/06/1883,-1.011,El Nino
01/07/1883,0.063,La Nada
01/08/1883,-0.81,El Nino
01/09/1883,0.355,La Nada
01/10/1883,0.194,La Nada
01/11/1883,-1.774,El Nino
01/12/1883,-1.398,El Nino
01/01/1884,-0.613,El Nino
01/02/1884,0.882,La Nina
01/03/1884,-1.595,El Nino
01/04/1884,0.18,La Nada
01/05/1884,0.984,La Nina
01/06/1884,-0.276,La Nada
01/07/1884,-0.633,El Nino
01/08/1884,-0.702,El Nino
01/09/1884,0.381,La Nada
01/10/1884,-0.26,La Nada
01/11/1884,-1.5,El Nino
01/12/1884,-1.783,El Nino
01/01/1885,0.037,La Nada
01/02/1885,0.386,La Nada
01/03/1885,0.155,La Nada
01/04/1885,0.014,La Nada
01/05/1885,-1.911,El Nino
01/06/1885,-0.446,La Nada
01/07/1885,-1.135,El Nino
01/08/1885,-0.431,La Nada
01/09/1885,-1.922,El Nino
01/10/1885,-1.547,El Nino
01/11/1885,0.466,La Nada
01/12/1885,-0.217,La Nada
01/01/1886,0.005,La Nada
01/02/1886,0.149,La Nada
01/03/1886,0.493,La Nina
01/04/1886,0.539,La Nina
01/05/1886,0.429,La Nada
01/06/1886,0.741,La Nina
01/07/1886,1.33,La Nina
01/08/1886,1.282,La Nina
01/09/1886,1.301,La Nina
01/10/1886,0.882,La Nina
01/11/1886,1.508,La Nina
01/12/1886,1.201,La Nina
01/01/1887,0.953,La Nina
01/02/1887,0.947,La Nina
01/03/1887,0.999,La Nina
01/04/1887,-0.584,El Nino
01/05/1887,0.465,La Nada
01/06/1887,0.525,La Nina
01/07/1887,0.333,La Nada
01/08/1887,0.451,La Nada
01/09/1887,0.506,La Nina
01/10/1887,-0.633,El Nino
01/11/1887,0.454,La Nada
01/12/1887,-0.322,La Nada
01/01/1888,-0.328,La Nada
01/02/1888,-1.475,El Nino
01/03/1888,-2.797,El Nino
01/04/1888,-1.12,El Nino
01/05/1888,-2.155,El Nino
01/06/1888,-1.643,El Nino
01/07/1888,-1.093,El Nino
01/08/1888,-0.938,El Nino
01/09/1888,-1.611,El Nino
01/10/1888,-1.369,El Nino
01/11/1888,-0.395,La Nada
01/12/1888,-2.841,El Nino
01/01/1889,-0.213,La Nada
01/02/1889,-3.196,El Nino
01/03/1889,0.071,La Nada
01/04/1889,-0.191,La Nada
01/05/1889,2.493,La Nina
01/06/1889,0.178,La Nada
01/07/1889,0.046,La Nada
01/08/1889,1.051,La Nina
01/09/1889,0.285,La Nada
01/10/1889,1.919,La Nina
01/11/1889,2.349,La Nina
01/12/1889,2.163,La Nina
01/01/1890,1.032,La Nina
01/02/1890,1.427,La Nina
01/03/1890,0.746,La Nina
01/04/1890,0.345,La Nada
01/05/1890,0.449,La Nada
01/06/1890,-0.23,La Nada
01/07/1890,-0.417,La Nada
01/08/1890,0.883,La Nina
01/09/1890,0.174,La Nada
01/10/1890,0.162,La Nada
01/11/1890,-0.042,La Nada
01/12/1890,1.555,La Nina
01/01/1891,-0.491,El Nino
01/02/1891,-1.223,El Nino
01/03/1891,0.704,La Nina
01/04/1891,0.279,La Nada
01/05/1891,-0.284,La Nada
01/06/1891,-0.578,El Nino
01/07/1891,-1.197,El Nino
01/08/1891,-1.077,El Nino
01/09/1891,0.054,La Nada
01/10/1891,-0.487,El Nino
01/11/1891,-0.619,El Nino
01/12/1891,0.199,La Nada
01/01/1892,-1.127,El Nino
01/02/1892,1.087,La Nina
01/03/1892,0.957,La Nina
01/04/1892,1.373,La Nina
01/05/1892,2.253,La Nina
01/06/1892,0.781,La Nina
01/07/1892,0.484,La Nina
01/08/1892,0.007,La Nada
01/09/1892,0.852,La Nina
01/10/1892,-0.878,El Nino
01/11/1892,0.298,La Nada
01/12/1892,0.912,La Nina
01/01/1893,0.652,La Nina
01/02/1893,0.32,La Nada
01/03/1893,1.442,La Nina
01/04/1893,1.76,La Nina
01/05/1893,2.149,La Nina
01/06/1893,1.876,La Nina
01/07/1893,0.602,La Nina
01/08/1893,1.212,La Nina
01/09/1893,0.626,La Nina
01/10/1893,0.828,La Nina
01/11/1893,-0.496,El Nino
01/12/1893,2.149,La Nina
01/01/1894,0.969,La Nina
01/02/1894,0.823,La Nina
01/03/1894,1.104,La Nina
01/04/1894,-0.857,El Nino
01/05/1894,-0.008,La Nada
01/06/1894,0.471,La Nina
01/07/1894,-1.405,El Nino
01/08/1894,-0.241,La Nada
01/09/1894,0.31,La Nada
01/10/1894,-0.894,El Nino
01/11/1894,0.065,La Nada
01/12/1894,0.544,La Nina
01/01/1895,0.617,La Nina
01/02/1895,-0.265,La Nada
01/03/1895,1.336,La Nina
01/04/1895,0.651,La Nina
01/05/1895,-1.255,El Nino
01/06/1895,-0.747,El Nino
01/07/1895,-1.019,El Nino
01/08/1895,-0.522,El Nino
01/09/1895,-0.817,El Nino
01/10/1895,-0.47,El Nino
01/11/1895,-1,El Nino
01/12/1895,0.072,La Nada
01/01/1896,0.372,La Nada
01/02/1896,-0.841,El Nino
01/03/1896,-1.194,El Nino
01/04/1896,-3.232,El Nino
01/05/1896,-2.987,El Nino
01/06/1896,-1.39,El Nino
01/07/1896,-2.548,El Nino
01/08/1896,-1.877,El Nino
01/09/1896,-2.008,El Nino
01/10/1896,-1.262,El Nino
01/11/1896,-1.693,El Nino
01/12/1896,-1.42,El Nino
01/01/1897,-0.861,El Nino
01/02/1897,-2.007,El Nino
01/03/1897,-1.996,El Nino
01/04/1897,-1.587,El Nino
01/05/1897,-0.159,La Nada
01/06/1897,-0.19,La Nada
01/07/1897,-0.105,La Nada
01/08/1897,-0.004,La Nada
01/09/1897,0.099,La Nada
01/10/1897,-0.964,El Nino
01/11/1897,1.044,La Nina
01/12/1897,0.649,La Nina
01/01/1898,0.474,La Nina
01/02/1898,2.018,La Nina
01/03/1898,1.336,La Nina
01/04/1898,-0.106,La Nada
01/05/1898,-0.507,El Nino
01/06/1898,0.649,La Nina
01/07/1898,0.719,La Nina
01/08/1898,0.878,La Nina
01/09/1898,0.344,La Nada
01/10/1898,0.016,La Nada
01/11/1898,0.422,La Nada
01/12/1898,1.314,La Nina
01/01/1899,0.866,La Nina
01/02/1899,1.383,La Nina
01/03/1899,0.493,La Nina
01/04/1899,-0.756,El Nino
01/05/1899,-1.427,El Nino
01/06/1899,-0.531,El Nino
01/07/1899,-1.177,El Nino
01/08/1899,-0.189,La Nada
01/09/1899,0.743,La Nina
01/10/1899,1.657,La Nina
01/11/1899,-0.443,La Nada
01/12/1899,-0.891,El Nino
01/01/1900,-0.729,El Nino
01/02/1900,-2.953,El Nino
01/03/1900,-2.101,El Nino
01/04/1900,-0.756,El Nino
01/05/1900,3.096,La Nina
01/06/1900,1.017,La Nina
01/07/1900,0.751,La Nina
01/08/1900,-1.612,El Nino
01/09/1900,-2.125,El Nino
01/10/1900,-0.753,El Nino
01/11/1900,-0.728,El Nino
01/12/1900,-0.09,La Nada
01/01/1901,0.205,La Nada
01/02/1901,0.88,La Nina
01/03/1901,0.64,La Nina
01/04/1901,0.08,La Nada
01/05/1901,2.3,La Nina
01/06/1901,1.508,La Nina
01/07/1901,0.795,La Nina
01/08/1901,-1.579,El Nino
01/09/1901,-2.689,El Nino
01/10/1901,-0.947,El Nino
01/11/1901,-0.324,La Nada
01/12/1901,1.677,La Nina
01/01/1902,-0.282,La Nada
01/02/1902,1.104,La Nina
01/03/1902,1.146,La Nina
01/04/1902,1.407,La Nina
01/05/1902,0.236,La Nada
01/06/1902,0.207,La Nada
01/07/1902,-1.093,El Nino
01/08/1902,-1.762,El Nino
01/09/1902,-0.766,El Nino
01/10/1902,-0.259,La Nada
01/11/1902,-0.448,La Nada
01/12/1902,-1.1,El Nino
01/01/1903,-1.109,El Nino
01/02/1903,1.803,La Nina
01/03/1903,2.18,La Nina
01/04/1903,0.923,La Nina
01/05/1903,-0.215,La Nada
01/06/1903,0.601,La Nina
01/07/1903,-0.147,La Nada
01/08/1903,0.814,La Nina
01/09/1903,0.299,La Nada
01/10/1903,-0.054,La Nada
01/11/1903,1.664,La Nina
01/12/1903,1.388,La Nina
01/01/1904,1.533,La Nina
01/02/1904,0.888,La Nina
01/03/1904,3.635,La Nina
01/04/1904,0.996,La Nina
01/05/1904,-1.011,El Nino
01/06/1904,-0.87,El Nino
01/07/1904,-0.105,La Nada
01/08/1904,-0.01,La Nada
01/09/1904,-0.108,La Nada
01/10/1904,-1.812,El Nino
01/11/1904,0.178,La Nada
01/12/1904,-1.083,El Nino
01/01/1905,-1.838,El Nino
01/02/1905,-3.506,El Nino
01/03/1905,-3.05,El Nino
01/04/1905,-1.678,El Nino
01/05/1905,-2.295,El Nino
01/06/1905,-2.105,El Nino
01/07/1905,-0.964,El Nino
01/08/1905,-0.697,El Nino
01/09/1905,-0.828,El Nino
01/10/1905,-1.808,El Nino
01/11/1905,-1.569,El Nino
01/12/1905,-0.427,La Nada
01/01/1906,-0.875,El Nino
01/02/1906,-0.56,El Nino
01/03/1906,-0.836,El Nino
01/04/1906,-1.027,El Nino
01/05/1906,-0.715,El Nino
01/06/1906,0.678,La Nina
01/07/1906,1.426,La Nina
01/08/1906,1.748,La Nina
01/09/1906,0.807,La Nina
01/10/1906,1.953,La Nina
01/11/1906,0.302,La Nada
01/12/1906,0.561,La Nina
01/01/1907,-0.225,La Nada
01/02/1907,-0.315,La Nada
01/03/1907,-0.836,El Nino
01/04/1907,-0.57,El Nino
01/05/1907,0.449,La Nada
01/06/1907,-0.031,La Nada
01/07/1907,-1.048,El Nino
01/08/1907,-0.068,La Nada
01/09/1907,-0.435,La Nada
01/10/1907,-0.579,El Nino
01/11/1907,0.65,La Nina
01/12/1907,-0.987,El Nino
01/01/1908,0.837,La Nina
01/02/1908,-0.412,La Nada
01/03/1908,1.02,La Nina
01/04/1908,0.18,La Nada
01/05/1908,-0.631,El Nino
01/06/1908,1.433,La Nina
01/07/1908,0.204,La Nada
01/08/1908,1.666,La Nina
01/09/1908,0.721,La Nina
01/10/1908,0.087,La Nada
01/11/1908,-0.712,El Nino
01/12/1908,-0.297,La Nada
01/01/1909,-0.395,La Nada
01/02/1909,-0.148,La Nada
01/03/1909,-1.785,El Nino
01/04/1909,0.074,La Nada
01/05/1909,2.633,La Nina
01/06/1909,1.083,La Nina
01/07/1909,0.892,La Nina
01/08/1909,0.064,La Nada
01/09/1909,0.203,La Nada
01/10/1909,0.741,La Nina
01/11/1909,0.414,La Nada
01/12/1909,0.601,La Nina
01/01/1910,1.42,La Nina
01/02/1910,1.25,La Nina
01/03/1910,0.388,La Nada
01/04/1910,0.087,La Nada
01/05/1910,2.493,La Nina
01/06/1910,2.065,La Nina
01/07/1910,0.892,La Nina
01/08/1910,1.46,La Nina
01/09/1910,1.044,La Nina
01/10/1910,1.742,La Nina
01/11/1910,1.659,La Nina
01/12/1910,0.304,La Nada
01/01/1911,0.009,La Nada
01/02/1911,0.223,La Nada
01/03/1911,0.05,La Nada
01/04/1911,-0.735,El Nino
01/05/1911,-1.552,El Nino
01/06/1911,-1.258,El Nino
01/07/1911,-1.415,El Nino
01/08/1911,-0.875,El Nino
01/09/1911,-1.3,El Nino
01/10/1911,-0.806,El Nino
01/11/1911,-0.268,La Nada
01/12/1911,-1.114,El Nino
01/01/1912,-1.827,El Nino
01/02/1912,-1.143,El Nino
01/03/1912,-2.27,El Nino
01/04/1912,-1.122,El Nino
01/05/1912,-0.991,El Nino
01/06/1912,-0.049,La Nada
01/07/1912,-0.942,El Nino
01/08/1912,-0.397,La Nada
01/09/1912,-0.973,El Nino
01/10/1912,0.125,La Nada
01/11/1912,-1.009,El Nino
01/12/1912,-0.41,La Nada
01/01/1913,-0.627,El Nino
01/02/1913,0.008,La Nada
01/03/1913,-0.794,El Nino
01/04/1913,-0.565,El Nino
01/05/1913,-0.596,El Nino
01/06/1913,-0.124,La Nada
01/07/1913,-0.92,El Nino
01/08/1913,-0.95,El Nino
01/09/1913,-1.018,El Nino
01/10/1913,-1.249,El Nino
01/11/1913,-0.892,El Nino
01/12/1913,-0.737,El Nino
01/01/1914,0.185,La Nada
01/02/1914,0.88,La Nina
01/03/1914,-2.27,El Nino
01/04/1914,-1.213,El Nino
01/05/1914,-2.639,El Nino
01/06/1914,-0.974,El Nino
01/07/1914,-1.84,El Nino
01/08/1914,-1.474,El Nino
01/09/1914,-0.729,El Nino
01/10/1914,-0.47,El Nino
01/11/1914,0.169,La Nada
01/12/1914,-2.711,El Nino
01/01/1915,-0.594,El Nino
01/02/1915,-2.495,El Nino
01/03/1915,-1.49,El Nino
01/04/1915,1.216,La Nina
01/05/1915,2.68,La Nina
01/06/1915,2.528,La Nina
01/07/1915,1.298,La Nina
01/08/1915,1.344,La Nina
01/09/1915,0.948,La Nina
01/10/1915,-1.743,El Nino
01/11/1915,0.991,La Nina
01/12/1915,0.561,La Nina
01/01/1916,-0.524,El Nino
01/02/1916,-0.835,El Nino
01/03/1916,0.008,La Nada
01/04/1916,0.432,La Nada
01/05/1916,0.746,La Nina
01/06/1916,2.574,La Nina
01/07/1916,1.513,La Nina
01/08/1916,0.417,La Nada
01/09/1916,0.359,La Nada
01/10/1916,0.774,La Nina
01/11/1916,1.623,La Nina
01/12/1916,0.457,La Nada
01/01/1917,0.984,La Nina
01/02/1917,1.862,La Nina
01/03/1917,2.581,La Nina
01/04/1917,2.397,La Nina
01/05/1917,2.389,La Nina
01/06/1917,2.827,La Nina
01/07/1917,3.483,La Nina
01/08/1917,2.843,La Nina
01/09/1917,1.512,La Nina
01/10/1917,1.933,La Nina
01/11/1917,2.397,La Nina
01/12/1917,1.459,La Nina
01/01/1918,1.583,La Nina
01/02/1918,-0.389,La Nada
01/03/1918,2.074,La Nina
01/04/1918,1.088,La Nina
01/05/1918,-0.783,El Nino
01/06/1918,-1.379,El Nino
01/07/1918,-0.642,El Nino
01/08/1918,-0.852,El Nino
01/09/1918,-0.621,El Nino
01/10/1918,0.021,La Nada
01/11/1918,-1.004,El Nino
01/12/1918,-1.621,El Nino
01/01/1919,-1.194,El Nino
01/02/1919,-1.565,El Nino
01/03/1919,-0.372,La Nada
01/04/1919,-0.955,El Nino
01/05/1919,-1.463,El Nino
01/06/1919,-0.87,El Nino
01/07/1919,-0.9,El Nino
01/08/1919,-0.592,El Nino
01/09/1919,-1.255,El Nino
01/10/1919,-1.229,El Nino
01/11/1919,-1.116,El Nino
01/12/1919,0.176,La Nada
01/01/1920,-0.292,La Nada
01/02/1920,-0.626,El Nino
01/03/1920,-0.098,La Nada
01/04/1920,-0.398,La Nada
01/05/1920,0.399,La Nada
01/06/1920,0.922,La Nina
01/07/1920,0.442,La Nada
01/08/1920,0.468,La Nada
01/09/1920,-0.687,El Nino
01/10/1920,-0.194,La Nada
01/11/1920,0.991,La Nina
01/12/1920,1.091,La Nina
01/01/1921,0.585,La Nina
01/02/1921,1.072,La Nina
01/03/1921,-1.279,El Nino
01/04/1921,-0.011,La Nada
01/05/1921,4.073,La Nina
01/06/1921,0.29,La Nada
01/07/1921,-0.878,El Nino
01/08/1921,0.456,La Nada
01/09/1921,0.974,La Nina
01/10/1921,0.758,La Nina
01/11/1921,0.815,La Nina
01/12/1921,0.785,La Nina
01/01/1922,0.773,La Nina
01/02/1922,0.481,La Nina
01/03/1922,-0.688,El Nino
01/04/1922,-0.762,El Nino
01/05/1922,0.449,La Nada
01/06/1922,0.233,La Nada
01/07/1922,-0.276,La Nada
01/08/1922,0.463,La Nada
01/09/1922,0.551,La Nina
01/10/1922,0.758,La Nina
01/11/1922,1.207,La Nina
01/12/1922,0.561,La Nina
01/01/1923,0.336,La Nada
01/02/1923,0.844,La Nina
01/03/1923,0.809,La Nina
01/04/1923,-0.011,La Nada
01/05/1923,-0.174,La Nada
01/06/1923,-1.115,El Nino
01/07/1923,-2.14,El Nino
01/08/1923,-1.457,El Nino
01/09/1923,-0.721,El Nino
01/10/1923,-1.407,El Nino
01/11/1923,0.13,La Nada
01/12/1923,-0.681,El Nino
01/01/1924,0.006,La Nada
01/02/1924,0.111,La Nada
01/03/1924,-1.954,El Nino
01/04/1924,1.189,La Nina
01/05/1924,0.845,La Nina
01/06/1924,0.781,La Nina
01/07/1924,0.882,La Nina
01/08/1924,0.744,La Nina
01/09/1924,0.626,La Nina
01/10/1924,1.022,La Nina
01/11/1924,0.482,La Nina
01/12/1924,0.544,La Nina
01/01/1925,1.224,La Nina
01/02/1925,1.522,La Nina
01/03/1925,1.484,La Nina
01/04/1925,-0.297,La Nada
01/05/1925,-0.819,El Nino
01/06/1925,-1.313,El Nino
01/07/1925,-1.241,El Nino
01/08/1925,-0.657,El Nino
01/09/1925,-1.496,El Nino
01/10/1925,-0.968,El Nino
01/11/1925,-0.892,El Nino
01/12/1925,-0.619,El Nino
01/01/1926,-1.556,El Nino
01/02/1926,-1.646,El Nino
01/03/1926,-0.752,El Nino
01/04/1926,-0.284,La Nada
01/05/1926,-1.047,El Nino
01/06/1926,-0.086,La Nada
01/07/1926,-0.92,El Nino
01/08/1926,0.117,La Nada
01/09/1926,0.244,La Nada
01/10/1926,0.071,La Nada
01/11/1926,0.587,La Nina
01/12/1926,0.513,La Nina
01/01/1927,0.006,La Nada
01/02/1927,1.841,La Nina
01/03/1927,0.746,La Nina
01/04/1927,0.624,La Nina
01/05/1927,0.913,La Nina
01/06/1927,0.167,La Nada
01/07/1927,-0.749,El Nino
01/08/1927,-0.073,La Nada
01/09/1927,-0.55,El Nino
01/10/1927,-0.914,El Nino
01/11/1927,0.747,La Nina
01/12/1927,-1.219,El Nino
01/01/1928,0.955,La Nina
01/02/1928,1.376,La Nina
01/03/1928,1.442,La Nina
01/04/1928,-0.085,La Nada
01/05/1928,-1.151,El Nino
01/06/1928,-0.02,La Nada
01/07/1928,0.795,La Nina
01/08/1928,0.744,La Nina
01/09/1928,0.766,La Nina
01/10/1928,0.212,La Nada
01/11/1928,1.204,La Nina
01/12/1928,1.738,La Nina
01/01/1929,1.686,La Nina
01/02/1929,0.407,La Nada
01/03/1929,0.577,La Nina
01/04/1929,-1.2,El Nino
01/05/1929,0.064,La Nada
01/06/1929,0.207,La Nada
01/07/1929,-0.17,La Nada
01/08/1929,-0.073,La Nada
01/09/1929,0.803,La Nina
01/10/1929,0.952,La Nina
01/11/1929,0.531,La Nina
01/12/1929,1.306,La Nina
01/01/1930,0.684,La Nina
01/02/1930,0.039,La Nada
01/03/1930,-0.33,La Nada
01/04/1930,0.472,La Nina
01/05/1930,-0.839,El Nino
01/06/1930,-0.399,La Nada
01/07/1930,-0.385,La Nada
01/08/1930,-0.719,El Nino
01/09/1930,0.461,La Nada
01/10/1930,0.304,La Nada
01/11/1930,-0.271,La Nada
01/12/1930,0.632,La Nina
01/01/1931,-1.606,El Nino
01/02/1931,0.445,La Nada
01/03/1931,1.104,La Nina
01/04/1931,1.659,La Nina
01/05/1931,2.232,La Nina
01/06/1931,0.979,La Nina
01/07/1931,-0.504,El Nino
01/08/1931,0.353,La Nada
01/09/1931,-1.002,El Nino
01/10/1931,-0.368,La Nada
01/11/1931,0.806,La Nina
01/12/1931,0.207,La Nada
01/01/1932,-0.359,La Nada
01/02/1932,-0.723,El Nino
01/03/1932,-2.755,El Nino
01/04/1932,0.087,La Nada
01/05/1932,-0.263,La Nada
01/06/1932,-1.522,El Nino
01/07/1932,-0.9,El Nino
01/08/1932,-0.863,El Nino
01/09/1932,-0.687,El Nino
01/10/1932,-0.612,El Nino
01/11/1932,0.25,La Nada
01/12/1932,-1.219,El Nino
01/01/1933,0.339,La Nada
01/02/1933,-0.347,La Nada
01/03/1933,0.472,La Nina
01/04/1933,0.738,La Nina
01/05/1933,-0.679,El Nino
01/06/1933,0.376,La Nada
01/07/1933,-0.234,La Nada
01/08/1933,0.168,La Nada
01/09/1933,0.174,La Nada
01/10/1933,0.53,La Nina
01/11/1933,0.811,La Nina
01/12/1933,0.618,La Nina
01/01/1934,-0.061,La Nada
01/02/1934,-0.117,La Nada
01/03/1934,0.641,La Nina
01/04/1934,-0.756,El Nino
01/05/1934,1.121,La Nina
01/06/1934,0.299,La Nada
01/07/1934,-2.444,El Nino
01/08/1934,-0.644,El Nino
01/09/1934,0.381,La Nada
01/10/1934,1.213,La Nina
01/11/1934,-0.38,La Nada
01/12/1934,0.641,La Nina
01/01/1935,-0.558,El Nino
01/02/1935,1.205,La Nina
01/03/1935,0.366,La Nada
01/04/1935,-0.464,La Nada
01/05/1935,-0.423,La Nada
01/06/1935,-0.02,La Nada
01/07/1935,0.001,La Nada
01/08/1935,0.59,La Nina
01/09/1935,0.596,La Nina
01/10/1935,0.303,La Nada
01/11/1935,-0.555,El Nino
01/12/1935,-0.305,La Nada
01/01/1936,-0.044,La Nada
01/02/1936,0.052,La Nada
01/03/1936,2.813,La Nina
01/04/1936,0.267,La Nada
01/05/1936,-0.367,La Nada
01/06/1936,0.431,La Nada
01/07/1936,-0.996,El Nino
01/08/1936,0.232,La Nada
01/09/1936,-0.112,La Nada
01/10/1936,-1.548,El Nino
01/11/1936,-0.035,La Nada
01/12/1936,0.946,La Nina
01/01/1937,-0.594,El Nino
01/02/1937,0.555,La Nina
01/03/1937,0.176,La Nada
01/04/1937,0.194,La Nada
01/05/1937,0.221,La Nada
01/06/1937,-0.531,El Nino
01/07/1937,0.204,La Nada
01/08/1937,0.042,La Nada
01/09/1937,-0.394,La Nada
01/10/1937,-0.456,La Nada
01/11/1937,0.643,La Nina
01/12/1937,0.754,La Nina
01/01/1938,0.208,La Nada
01/02/1938,-0.552,El Nino
01/03/1938,0.387,La Nada
01/04/1938,1.176,La Nina
01/05/1938,2.009,La Nina
01/06/1938,1.867,La Nina
01/07/1938,1.243,La Nina
01/08/1938,0.686,La Nina
01/09/1938,1.367,La Nina
01/10/1938,-0.071,La Nada
01/11/1938,1.423,La Nina
01/12/1938,1.739,La Nina
01/01/1939,0.656,La Nina
01/02/1939,1.14,La Nina
01/03/1939,1.126,La Nina
01/04/1939,-0.098,La Nada
01/05/1939,-0.367,La Nada
01/06/1939,0.839,La Nina
01/07/1939,-0.108,La Nada
01/08/1939,-0.95,El Nino
01/09/1939,-1.707,El Nino
01/10/1939,-0.964,El Nino
01/11/1939,-1.072,El Nino
01/12/1939,-0.056,La Nada
01/01/1940,-0.56,El Nino
01/02/1940,-1.335,El Nino
01/03/1940,-0.941,El Nino
01/04/1940,-1.393,El Nino
01/05/1940,-2.488,El Nino
01/06/1940,-1.502,El Nino
01/07/1940,-2.11,El Nino
01/08/1940,-1.947,El Nino
01/09/1940,-1.801,El Nino
01/10/1940,-0.773,El Nino
01/11/1940,-3.38,El Nino
01/12/1940,-1.131,El Nino
01/01/1941,-1.6,El Nino
01/02/1941,-1.333,El Nino
01/03/1941,-1.195,El Nino
01/04/1941,-0.749,El Nino
01/05/1941,-1.888,El Nino
01/06/1941,-1.997,El Nino
01/07/1941,-2.197,El Nino
01/08/1941,-0.826,El Nino
01/09/1941,-2.286,El Nino
01/10/1941,-1.092,El Nino
01/11/1941,-1.068,El Nino
01/12/1941,-1.508,El Nino
01/01/1942,-0.515,El Nino
01/02/1942,-0.799,El Nino
01/03/1942,-0.52,El Nino
01/04/1942,0.247,La Nada
01/05/1942,0.797,La Nina
01/06/1942,-0.078,La Nada
01/07/1942,0.298,La Nada
01/08/1942,0.815,La Nina
01/09/1942,0.696,La Nina
01/10/1942,-0.642,El Nino
01/11/1942,1.424,La Nina
01/12/1942,0.879,La Nina
01/01/1943,0.913,La Nina
01/02/1943,0.291,La Nada
01/03/1943,1.589,La Nina
01/04/1943,0.252,La Nada
01/05/1943,-1.127,El Nino
01/06/1943,0.302,La Nada
01/07/1943,0.691,La Nina
01/08/1943,0.527,La Nina
01/09/1943,0.794,La Nina
01/10/1943,0.215,La Nada
01/11/1943,-1.055,El Nino
01/12/1943,-0.953,El Nino
01/01/1944,0.3,La Nada
01/02/1944,0.464,La Nada
01/03/1944,-0.541,El Nino
01/04/1944,0.015,La Nada
01/05/1944,-0.608,El Nino
01/06/1944,-0.848,El Nino
01/07/1944,0.13,La Nada
01/08/1944,0.217,La Nada
01/09/1944,-1.03,El Nino
01/10/1944,-0.836,El Nino
01/11/1944,0.364,La Nada
01/12/1944,0.434,La Nada
01/01/1945,0.535,La Nina
01/02/1945,1.33,La Nina
01/03/1945,-0.731,El Nino
01/04/1945,0.023,La Nada
01/05/1945,0.797,La Nina
01/06/1945,0.39,La Nada
01/07/1945,1.063,La Nina
01/08/1945,0.802,La Nina
01/09/1945,0.211,La Nada
01/10/1945,-0.447,La Nada
01/11/1945,0.633,La Nina
01/12/1945,-0.325,La Nada
01/01/1946,0.294,La Nada
01/02/1946,-0.385,La Nada
01/03/1946,-1.026,El Nino
01/04/1946,-1.192,El Nino
01/05/1946,-1.323,El Nino
01/06/1946,-0.985,El Nino
01/07/1946,-0.635,El Nino
01/08/1946,-1.575,El Nino
01/09/1946,-1.384,El Nino
01/10/1946,-0.248,La Nada
01/11/1946,-0.714,El Nino
01/12/1946,-0.633,El Nino
01/01/1947,-0.564,El Nino
01/02/1947,1.127,La Nina
01/03/1947,-0.562,El Nino
01/04/1947,-1.243,El Nino
01/05/1947,0.165,La Nada
01/06/1947,0.979,La Nina
01/07/1947,0.657,La Nina
01/08/1947,1.097,La Nina
01/09/1947,-0.351,La Nada
01/10/1947,0.753,La Nina
01/11/1947,0.471,La Nina
01/12/1947,-0.429,La Nada
01/01/1948,-0.406,La Nada
01/02/1948,-0.6,El Nino
01/03/1948,0.261,La Nada
01/04/1948,0.345,La Nada
01/05/1948,-0.759,El Nino
01/06/1948,0.095,La Nada
01/07/1948,-0.546,El Nino
01/08/1948,-0.76,El Nino
01/09/1948,0.537,La Nina
01/10/1948,0.186,La Nada
01/11/1948,-0.719,El Nino
01/12/1948,-0.862,El Nino
01/01/1949,0.05,La Nada
01/02/1949,0.494,La Nina
01/03/1949,0.282,La Nada
01/04/1949,-0.684,El Nino
01/05/1949,-1.599,El Nino
01/06/1949,-0.149,La Nada
01/07/1949,-0.635,El Nino
01/08/1949,0.169,La Nada
01/09/1949,0.385,La Nada
01/10/1949,-0.766,El Nino
01/11/1949,0.769,La Nina
01/12/1949,0.536,La Nina
01/01/1950,1.581,La Nina
01/02/1950,1.788,La Nina
01/03/1950,1.674,La Nina
01/04/1950,0.554,La Nina
01/05/1950,3.057,La Nina
01/06/1950,2.137,La Nina
01/07/1950,1.142,La Nina
01/08/1950,0.632,La Nina
01/09/1950,1.682,La Nina
01/10/1950,0.893,La Nina
01/11/1950,2.461,La Nina
01/12/1950,1.32,La Nina
01/01/1951,0.474,La Nina
01/02/1951,-0.706,El Nino
01/03/1951,-1.026,El Nino
01/04/1951,-1.293,El Nino
01/05/1951,-0.522,El Nino
01/06/1951,-1.33,El Nino
01/07/1951,-0.749,El Nino
01/08/1951,-1.168,El Nino
01/09/1951,-1.439,El Nino
01/10/1951,-0.985,El Nino
01/11/1951,-0.901,El Nino
01/12/1951,-0.925,El Nino
01/01/1952,-0.826,El Nino
01/02/1952,-0.024,La Nada
01/03/1952,-0.731,El Nino
01/04/1952,0.668,La Nina
01/05/1952,0.777,La Nina
01/06/1952,0.511,La Nina
01/07/1952,-0.383,La Nada
01/08/1952,-0.239,La Nada
01/09/1952,0.117,La Nada
01/10/1952,-0.224,La Nada
01/11/1952,-1.4,El Nino
01/12/1952,0.123,La Nada
01/01/1953,-0.717,El Nino
01/02/1953,-0.786,El Nino
01/03/1953,-0.182,La Nada
01/04/1953,-2.717,El Nino
01/05/1953,-0.471,El Nino
01/06/1953,-0.058,La Nada
01/07/1953,-1.892,El Nino
01/08/1953,-1.353,El Nino
01/09/1953,-0.183,La Nada
01/10/1953,-0.364,La Nada
01/11/1953,-0.611,El Nino
01/12/1953,0.572,La Nina
01/01/1954,-0.518,El Nino
01/02/1954,-0.307,La Nada
01/03/1954,0.409,La Nada
01/04/1954,0.146,La Nada
01/05/1954,-0.495,El Nino
01/06/1954,0.362,La Nada
01/07/1954,0.899,La Nina
01/08/1954,0.168,La Nada
01/09/1954,0.085,La Nada
01/10/1954,0.162,La Nada
01/11/1954,1.315,La Nina
01/12/1954,-0.678,El Nino
01/01/1955,1.305,La Nina
01/02/1955,0.128,La Nada
01/03/1955,-0.815,El Nino
01/04/1955,0.876,La Nina
01/05/1955,1.626,La Nina
01/06/1955,1.795,La Nina
01/07/1955,1.379,La Nina
01/08/1955,1.395,La Nina
01/09/1955,1.514,La Nina
01/10/1955,1.382,La Nina
01/11/1955,0.909,La Nina
01/12/1955,1.156,La Nina
01/01/1956,1.103,La Nina
01/02/1956,0.893,La Nina
01/03/1956,1.062,La Nina
01/04/1956,1.441,La Nina
01/05/1956,1.257,La Nina
01/06/1956,1.187,La Nina
01/07/1956,1.05,La Nina
01/08/1956,0.061,La Nada
01/09/1956,1.921,La Nina
01/10/1956,0.112,La Nada
01/11/1956,0.989,La Nina
01/12/1956,0.434,La Nada
01/01/1957,-0.361,La Nada
01/02/1957,-0.368,La Nada
01/03/1957,0.05,La Nada
01/04/1957,-1.179,El Nino
01/05/1957,-0.367,La Nada
01/06/1957,0.178,La Nada
01/07/1957,-1.078,El Nino
01/08/1957,-1.006,El Nino
01/09/1957,-0.087,La Nada
01/10/1957,-1.229,El Nino
01/11/1957,-0.438,La Nada
01/12/1957,-1.893,El Nino
01/01/1958,-0.776,El Nino
01/02/1958,-0.315,La Nada
01/03/1958,0.029,La Nada
01/04/1958,-1.391,El Nino
01/05/1958,-0.266,La Nada
01/06/1958,0.23,La Nada
01/07/1958,0.721,La Nina
01/08/1958,-0.344,La Nada
01/09/1958,-0.558,El Nino
01/10/1958,-0.612,El Nino
01/11/1958,-0.838,El Nino
01/12/1958,-0.939,El Nino
01/01/1959,-1.497,El Nino
01/02/1959,0.774,La Nina
01/03/1959,0.345,La Nada
01/04/1959,0.139,La Nada
01/05/1959,-0.955,El Nino
01/06/1959,-0.465,La Nada
01/07/1959,-0.677,El Nino
01/08/1959,-0.005,La Nada
01/09/1959,0.34,La Nada
01/10/1959,0.902,La Nina
01/11/1959,0.815,La Nina
01/12/1959,-0.047,La Nada
01/01/1960,-0.247,La Nada
01/02/1960,0.474,La Nina
01/03/1960,0.788,La Nina
01/04/1960,0.303,La Nada
01/05/1960,-0.471,El Nino
01/06/1960,0.497,La Nina
01/07/1960,0.526,La Nina
01/08/1960,0.653,La Nina
01/09/1960,-0.196,La Nada
01/10/1960,0.605,La Nina
01/11/1960,0.633,La Nina
01/12/1960,-0.429,La Nada
01/01/1961,0.585,La Nina
01/02/1961,-2.473,El Nino
01/03/1961,1.147,La Nina
01/04/1961,0.18,La Nada
01/05/1961,-0.527,El Nino
01/06/1961,0.184,La Nada
01/07/1961,-0.162,La Nada
01/08/1961,0.107,La Nada
01/09/1961,-0.73,El Nino
01/10/1961,0.68,La Nina
01/11/1961,1.31,La Nina
01/12/1961,1.716,La Nina
01/01/1962,-0.414,La Nada
01/02/1962,-0.322,La Nada
01/03/1962,0.303,La Nada
01/04/1962,1.104,La Nina
01/05/1962,0.369,La Nada
01/06/1962,-0.037,La Nada
01/07/1962,0.258,La Nada
01/08/1962,0.525,La Nina
01/09/1962,0.948,La Nina
01/10/1962,0.273,La Nada
01/11/1962,-0.098,La Nada
01/12/1962,0.799,La Nina
01/01/1963,0.261,La Nada
01/02/1963,0.66,La Nina
01/03/1963,0.514,La Nina
01/04/1963,0.139,La Nada
01/05/1963,-1.3,El Nino
01/06/1963,-0.132,La Nada
01/07/1963,-0.432,La Nada
01/08/1963,-0.597,El Nino
01/09/1963,-1.456,El Nino
01/10/1963,-0.93,El Nino
01/11/1963,-1.352,El Nino
01/12/1963,-0.525,El Nino
01/01/1964,-0.129,La Nada
01/02/1964,0.711,La Nina
01/03/1964,1.779,La Nina
01/04/1964,-0.019,La Nada
01/05/1964,0.717,La Nina
01/06/1964,0.618,La Nina
01/07/1964,1.32,La Nina
01/08/1964,1.287,La Nina
01/09/1964,1.259,La Nina
01/10/1964,-0.058,La Nada
01/11/1964,-0.494,El Nino
01/12/1964,-0.523,El Nino
01/01/1965,0.009,La Nada
01/02/1965,0.242,La Nada
01/03/1965,-1.342,El Nino
01/04/1965,-0.034,La Nada
01/05/1965,-1.632,El Nino
01/06/1965,-2.321,El Nino
01/07/1965,-1.365,El Nino
01/08/1965,-1.414,El Nino
01/09/1965,-1.218,El Nino
01/10/1965,-1.858,El Nino
01/11/1965,0.022,La Nada
01/12/1965,-1.355,El Nino
01/01/1966,-0.536,El Nino
01/02/1966,-1.747,El Nino
01/03/1966,-0.899,El Nino
01/04/1966,-0.715,El Nino
01/05/1966,0.144,La Nada
01/06/1966,-0.149,La Nada
01/07/1966,0.189,La Nada
01/08/1966,-0.239,La Nada
01/09/1966,-0.325,La Nada
01/10/1966,-0.202,La Nada
01/11/1966,-0.607,El Nino
01/12/1966,1.524,La Nina
01/01/1967,1.199,La Nina
01/02/1967,0.648,La Nina
01/03/1967,-0.119,La Nada
01/04/1967,-0.406,La Nada
01/05/1967,0.673,La Nina
01/06/1967,0.175,La Nada
01/07/1967,0.439,La Nada
01/08/1967,0.439,La Nada
01/09/1967,-0.169,La Nada
01/10/1967,-0.567,El Nino
01/11/1967,-0.777,El Nino
01/12/1967,0.473,La Nina
01/01/1968,0.773,La Nina
01/02/1968,-0.556,El Nino
01/03/1968,-0.309,La Nada
01/04/1968,1.212,La Nina
01/05/1968,1.273,La Nina
01/06/1968,0.767,La Nina
01/07/1968,-0.204,La Nada
01/08/1968,-0.358,La Nada
01/09/1968,-0.353,La Nada
01/10/1968,-0.442,La Nada
01/11/1968,0.126,La Nada
01/12/1968,-1.356,El Nino
01/01/1969,-0.853,El Nino
01/02/1969,-0.026,La Nada
01/03/1969,-0.899,El Nino
01/04/1969,-0.777,El Nino
01/05/1969,-0.239,La Nada
01/06/1969,-0.727,El Nino
01/07/1969,-0.707,El Nino
01/08/1969,-1.1,El Nino
01/09/1969,-1.355,El Nino
01/10/1969,-0.177,La Nada
01/11/1969,0.243,La Nada
01/12/1969,-1.256,El Nino
01/01/1970,-1.219,El Nino
01/02/1970,0.058,La Nada
01/03/1970,-0.562,El Nino
01/04/1970,0.038,La Nada
01/05/1970,1.017,La Nina
01/06/1970,-0.52,El Nino
01/07/1970,0.305,La Nada
01/08/1970,1.177,La Nina
01/09/1970,0.741,La Nina
01/10/1970,1.85,La Nina
01/11/1970,1.832,La Nina
01/12/1970,0.233,La Nada
01/01/1971,1.442,La Nina
01/02/1971,1.976,La Nina
01/03/1971,2.581,La Nina
01/04/1971,0.882,La Nina
01/05/1971,0.212,La Nada
01/06/1971,0.167,La Nada
01/07/1971,1.421,La Nina
01/08/1971,1.512,La Nina
01/09/1971,1.752,La Nina
01/10/1971,0.555,La Nina
01/11/1971,0.145,La Nada
01/12/1971,0.329,La Nada
01/01/1972,0.673,La Nina
01/02/1972,0.128,La Nada
01/03/1972,-0.456,La Nada
01/04/1972,-1.522,El Nino
01/05/1972,-1.683,El Nino
01/06/1972,-1.844,El Nino
01/07/1972,-1.115,El Nino
01/08/1972,-1.477,El Nino
01/09/1972,-1.134,El Nino
01/10/1972,-0.384,La Nada
01/11/1972,-1.47,El Nino
01/12/1972,-0.429,La Nada
01/01/1973,-1.466,El Nino
01/02/1973,-0.064,La Nada
01/03/1973,-0.372,La Nada
01/04/1973,0.252,La Nada
01/05/1973,1.222,La Nina
01/06/1973,0.626,La Nina
01/07/1973,1.179,La Nina
01/08/1973,1.271,La Nina
01/09/1973,0.85,La Nina
01/10/1973,2.847,La Nina
01/11/1973,1.762,La Nina
01/12/1973,2.163,La Nina
01/01/1974,1.487,La Nina
01/02/1974,2.105,La Nina
01/03/1974,1.273,La Nina
01/04/1974,1.238,La Nina
01/05/1974,0.141,La Nada
01/06/1974,1.229,La Nina
01/07/1974,0.555,La Nina
01/08/1974,1.163,La Nina
01/09/1974,0.723,La Nina
01/10/1974,-0.423,La Nada
01/11/1974,-0.144,La Nada
01/12/1974,-0.625,El Nino
01/01/1975,0.459,La Nada
01/02/1975,1.135,La Nina
01/03/1975,1.484,La Nina
01/04/1975,0.51,La Nina
01/05/1975,1.685,La Nina
01/06/1975,2.129,La Nina
01/07/1975,2.03,La Nina
01/08/1975,2.151,La Nina
01/09/1975,1.67,La Nina
01/10/1975,1.246,La Nina
01/11/1975,2.054,La Nina
01/12/1975,1.187,La Nina
01/01/1976,1.185,La Nina
01/02/1976,1.334,La Nina
01/03/1976,0.24,La Nada
01/04/1976,0.501,La Nina
01/05/1976,-0.159,La Nada
01/06/1976,-1.238,El Nino
01/07/1976,-1.459,El Nino
01/08/1976,-1.292,El Nino
01/09/1976,0.13,La Nada
01/10/1976,0.761,La Nina
01/11/1976,-0.48,El Nino
01/12/1976,-0.393,La Nada
01/01/1977,0.647,La Nina
01/02/1977,-1.202,El Nino
01/03/1977,-1.173,El Nino
01/04/1977,-1.185,El Nino
01/05/1977,-2.327,El Nino
01/06/1977,-1.453,El Nino
01/07/1977,-1.422,El Nino
01/08/1977,-0.946,El Nino
01/09/1977,-1.386,El Nino
01/10/1977,-1.556,El Nino
01/11/1977,-1.228,El Nino
01/12/1977,-0.48,El Nino
01/01/1978,-2.632,El Nino
01/02/1978,-0.818,El Nino
01/03/1978,-0.878,El Nino
01/04/1978,1.498,La Nina
01/05/1978,0.402,La Nada
01/06/1978,0.529,La Nina
01/07/1978,0.12,La Nada
01/08/1978,0.058,La Nada
01/09/1978,-0.76,El Nino
01/10/1978,-0.281,La Nada
01/11/1978,-0.21,La Nada
01/12/1978,-0.452,La Nada
01/01/1979,0.608,La Nina
01/02/1979,-0.488,El Nino
01/03/1979,-0.646,El Nino
01/04/1979,0.459,La Nada
01/05/1979,0.58,La Nina
01/06/1979,-0.764,El Nino
01/07/1979,-0.692,El Nino
01/08/1979,0.113,La Nada
01/09/1979,-0.367,La Nada
01/10/1979,-0.612,El Nino
01/11/1979,-0.896,El Nino
01/12/1979,0.275,La Nada
01/01/1980,-0.017,La Nada
01/02/1980,-1.065,El Nino
01/03/1980,-1.595,El Nino
01/04/1980,-0.349,La Nada
01/05/1980,-0.679,El Nino
01/06/1980,-0.144,La Nada
01/07/1980,-0.056,La Nada
01/08/1980,-0.538,El Nino
01/09/1980,-0.337,La Nada
01/10/1980,-0.472,El Nino
01/11/1980,-0.209,La Nada
01/12/1980,0.272,La Nada
01/01/1981,-0.469,La Nada
01/02/1981,-2.009,El Nino
01/03/1981,-0.604,El Nino
01/04/1981,0.817,La Nina
01/05/1981,1.281,La Nina
01/06/1981,0.873,La Nina
01/07/1981,0.404,La Nada
01/08/1981,0.52,La Nina
01/09/1981,-0.705,El Nino
01/10/1981,0.075,La Nada
01/11/1981,0.405,La Nada
01/12/1981,0.867,La Nina
01/01/1982,-0.034,La Nada
01/02/1982,0.052,La Nada
01/03/1982,-0.456,La Nada
01/04/1982,-0.735,El Nino
01/05/1982,-2.488,El Nino
01/06/1982,-1.89,El Nino
01/07/1982,-2.662,El Nino
01/08/1982,-2.122,El Nino
01/09/1982,-2.204,El Nino
01/10/1982,-3.248,El Nino
01/11/1982,-2.476,El Nino
01/12/1982,-3.362,El Nino
01/01/1983,-3.463,El Nino
01/02/1983,-3.255,El Nino
01/03/1983,-1.405,El Nino
01/04/1983,0.787,La Nina
01/05/1983,-0.584,El Nino
01/06/1983,-0.704,El Nino
01/07/1983,-0.365,La Nada
01/08/1983,0.913,La Nina
01/09/1983,0.34,La Nada
01/10/1983,-0.115,La Nada
01/11/1983,-0.167,La Nada
01/12/1983,-0.033,La Nada
01/01/1984,0.434,La Nada
01/02/1984,-0.847,El Nino
01/03/1984,0.387,La Nada
01/04/1984,-0.034,La Nada
01/05/1984,-1.219,El Nino
01/06/1984,0.121,La Nada
01/07/1984,0.098,La Nada
01/08/1984,0.171,La Nada
01/09/1984,-0.607,El Nino
01/10/1984,0.117,La Nada
01/11/1984,-0.239,La Nada
01/12/1984,-0.548,El Nino
01/01/1985,0.787,La Nina
01/02/1985,0.2,La Nada
01/03/1985,1.421,La Nina
01/04/1985,-0.146,La Nada
01/05/1985,-1.395,El Nino
01/06/1985,-0.198,La Nada
01/07/1985,0.662,La Nina
01/08/1985,0.002,La Nada
01/09/1985,-0.76,El Nino
01/10/1985,-0.348,La Nada
01/11/1985,0.124,La Nada
01/12/1985,0.824,La Nina
01/01/1986,-1.283,El Nino
01/02/1986,-0.085,La Nada
01/03/1986,0.113,La Nada
01/04/1986,-0.635,El Nino
01/05/1986,1.014,La Nina
01/06/1986,0.241,La Nada
01/07/1986,-0.853,El Nino
01/08/1986,-0.529,El Nino
01/09/1986,0.535,La Nina
01/10/1986,-1.573,El Nino
01/11/1986,-1.64,El Nino
01/12/1986,-0.755,El Nino
01/01/1987,-1.409,El Nino
01/02/1987,-2.026,El Nino
01/03/1987,-2.692,El Nino
01/04/1987,-2.116,El Nino
01/05/1987,-2.687,El Nino
01/06/1987,-1.816,El Nino
01/07/1987,-1.667,El Nino
01/08/1987,-1.128,El Nino
01/09/1987,-0.691,El Nino
01/10/1987,-0.074,La Nada
01/11/1987,-0.664,El Nino
01/12/1987,-0.313,La Nada
01/01/1988,-0.645,El Nino
01/02/1988,0.126,La Nada
01/03/1988,-0.035,La Nada
01/04/1988,1.088,La Nina
01/05/1988,-0.2,La Nada
01/06/1988,1.166,La Nina
01/07/1988,1.362,La Nina
01/08/1988,1.919,La Nina
01/09/1988,1.346,La Nina
01/10/1988,1.92,La Nina
01/11/1988,1.089,La Nina
01/12/1988,1.314,La Nina
01/01/1989,0.802,La Nina
01/02/1989,0.589,La Nina
01/03/1989,2.18,La Nina
01/04/1989,1.447,La Nina
01/05/1989,0.812,La Nina
01/06/1989,0.948,La Nina
01/07/1989,-0.821,El Nino
01/08/1989,0.517,La Nina
01/09/1989,0.61,La Nina
01/10/1989,-0.381,La Nada
01/11/1989,-0.619,El Nino
01/12/1989,-0.214,La Nada
01/01/1990,-1.785,El Nino
01/02/1990,-1.088,El Nino
01/03/1990,-0.013,La Nada
01/04/1990,1.411,La Nina
01/05/1990,-0.067,La Nada
01/06/1990,0.572,La Nina
01/07/1990,-0.707,El Nino
01/08/1990,-0.779,El Nino
01/09/1990,-0.171,La Nada
01/10/1990,-0.683,El Nino
01/11/1990,-0.382,La Nada
01/12/1990,0.445,La Nada
01/01/1991,-0.057,La Nada
01/02/1991,-1.35,El Nino
01/03/1991,-1.553,El Nino
01/04/1991,-1.744,El Nino
01/05/1991,-0.792,El Nino
01/06/1991,-0.072,La Nada
01/07/1991,-1.066,El Nino
01/08/1991,-1.643,El Nino
01/09/1991,-1.55,El Nino
01/10/1991,-0.769,El Nino
01/11/1991,-2.018,El Nino
01/12/1991,-2.849,El Nino
01/01/1992,-1.046,El Nino
01/02/1992,-2.849,El Nino
01/03/1992,-2.059,El Nino
01/04/1992,0.059,La Nada
01/05/1992,-1.823,El Nino
01/06/1992,-0.629,El Nino
01/07/1992,-0.011,La Nada
01/08/1992,0.064,La Nada
01/09/1992,-2.03,El Nino
01/10/1992,-0.844,El Nino
01/11/1992,-0.714,El Nino
01/12/1992,-0.931,El Nino
01/01/1993,-0.958,El Nino
01/02/1993,-1.126,El Nino
01/03/1993,-2.291,El Nino
01/04/1993,-0.593,El Nino
01/05/1993,-2.176,El Nino
01/06/1993,-1.06,El Nino
01/07/1993,-1.726,El Nino
01/08/1993,-0.78,El Nino
01/09/1993,-1.568,El Nino
01/10/1993,-0.132,La Nada
01/11/1993,0.075,La Nada
01/12/1993,-0.251,La Nada
01/01/1994,-0.057,La Nada
01/02/1994,-1.348,El Nino
01/03/1994,-2.629,El Nino
01/04/1994,-1.264,El Nino
01/05/1994,-1.463,El Nino
01/06/1994,-1.703,El Nino
01/07/1994,-2.033,El Nino
01/08/1994,-1.704,El Nino
01/09/1994,-1.582,El Nino
01/10/1994,-0.806,El Nino
01/11/1994,-1.411,El Nino
01/12/1994,-0.509,El Nino
01/01/1995,-0.345,La Nada
01/02/1995,0.236,La Nada
01/03/1995,-1.722,El Nino
01/04/1995,-0.914,El Nino
01/05/1995,-0.308,La Nada
01/06/1995,0.437,La Nada
01/07/1995,-0.105,La Nada
01/08/1995,0.281,La Nada
01/09/1995,-0.335,La Nada
01/10/1995,-0.016,La Nada
01/11/1995,-0.716,El Nino
01/12/1995,0.816,La Nina
01/01/1996,-0.022,La Nada
01/02/1996,0.527,La Nina
01/03/1996,0.915,La Nina
01/04/1996,0.465,La Nada
01/05/1996,1.596,La Nina
01/06/1996,0.695,La Nina
01/07/1996,0.325,La Nada
01/08/1996,0.656,La Nina
01/09/1996,0.258,La Nada
01/10/1996,-0.207,La Nada
01/11/1996,0.708,La Nina
01/12/1996,0.293,La Nada
01/01/1997,1.207,La Nina
01/02/1997,-1.095,El Nino
01/03/1997,-1.553,El Nino
01/04/1997,-2.408,El Nino
01/05/1997,-3.016,El Nino
01/06/1997,-0.905,El Nino
01/07/1997,-2.306,El Nino
01/08/1997,-1.552,El Nino
01/09/1997,-1.685,El Nino
01/10/1997,-1.311,El Nino
01/11/1997,-1.122,El Nino
01/12/1997,-2.527,El Nino
01/01/1998,-1.975,El Nino
01/02/1998,-3.312,El Nino
01/03/1998,-2.797,El Nino
01/04/1998,0.173,La Nada
01/05/1998,1.053,La Nina
01/06/1998,1.488,La Nina
01/07/1998,0.825,La Nina
01/08/1998,1.036,La Nina
01/09/1998,1.005,La Nina
01/10/1998,1.005,La Nina
01/11/1998,1.322,La Nina
01/12/1998,1.583,La Nina
01/01/1999,0.575,La Nina
01/02/1999,0.785,La Nina
01/03/1999,2.096,La Nina
01/04/1999,0.436,La Nada
01/05/1999,0.004,La Nada
01/06/1999,0.517,La Nina
01/07/1999,-0.029,La Nada
01/08/1999,-0.072,La Nada
01/09/1999,0.946,La Nina
01/10/1999,1.221,La Nina
01/11/1999,1.37,La Nina
01/12/1999,0.471,La Nina
01/01/2000,1.236,La Nina
01/02/2000,0.882,La Nina
01/03/2000,1.758,La Nina
01/04/2000,0.415,La Nada
01/05/2000,-0.872,El Nino
01/06/2000,-0.345,La Nada
01/07/2000,0.484,La Nina
01/08/2000,0.973,La Nina
01/09/2000,0.866,La Nina
01/10/2000,2.019,La Nina
01/11/2000,0.774,La Nina
01/12/2000,0.78,La Nina
01/01/2001,1.002,La Nina
01/02/2001,0.46,La Nada
01/03/2001,-0.182,La Nada
01/04/2001,-0.836,El Nino
01/05/2001,-0.195,La Nada
01/06/2001,-0.27,La Nada
01/07/2001,-1.014,El Nino
01/08/2001,0.112,La Nada
01/09/2001,-0.376,La Nada
01/10/2001,0.638,La Nina
01/11/2001,-1.055,El Nino
01/12/2001,0.202,La Nada
01/01/2002,0.644,La Nina
01/02/2002,-0.807,El Nino
01/03/2002,-0.477,El Nino
01/04/2002,-1.543,El Nino
01/05/2002,-1.023,El Nino
01/06/2002,-0.696,El Nino
01/07/2002,-1.622,El Nino
01/08/2002,-0.658,El Nino
01/09/2002,-0.787,El Nino
01/10/2002,-0.595,El Nino
01/11/2002,-1.296,El Nino
01/12/2002,-0.305,La Nada
01/01/2003,-0.899,El Nino
01/02/2003,-0.915,El Nino
01/03/2003,-0.477,El Nino
01/04/2003,-0.849,El Nino
01/05/2003,-1.751,El Nino
01/06/2003,0.258,La Nada
01/07/2003,-0.348,La Nada
01/08/2003,-0.183,La Nada
01/09/2003,-0.265,La Nada
01/10/2003,-0.318,La Nada
01/11/2003,0.924,La Nina
01/12/2003,-1.307,El Nino
01/01/2004,0.774,La Nina
01/02/2004,-0.108,La Nada
01/03/2004,-1.912,El Nino
01/04/2004,1.217,La Nina
01/05/2004,-1.908,El Nino
01/06/2004,-0.715,El Nino
01/07/2004,-0.9,El Nino
01/08/2004,-0.314,La Nada
01/09/2004,-0.423,La Nada
01/10/2004,-1.055,El Nino
01/11/2004,-0.938,El Nino
01/12/2004,0.205,La Nada
01/01/2005,-2.99,El Nino
01/02/2005,-0.265,La Nada
01/03/2005,-1.216,El Nino
01/04/2005,-1.458,El Nino
01/05/2005,0.105,La Nada
01/06/2005,0.057,La Nada
01/07/2005,-0.972,El Nino
01/08/2005,0.339,La Nada
01/09/2005,1.117,La Nina
01/10/2005,-0.418,La Nada
01/11/2005,0.012,La Nada
01/12/2005,1.294,La Nina
01/01/2006,-0.115,La Nada
01/02/2006,1.319,La Nina
01/03/2006,1.168,La Nina
01/04/2006,-0.957,El Nino
01/05/2006,-0.976,El Nino
01/06/2006,-0.899,El Nino
01/07/2006,-1.754,El Nino
01/08/2006,-0.604,El Nino
01/09/2006,-1.515,El Nino
01/10/2006,0.051,La Nada
01/11/2006,-0.394,La Nada
01/12/2006,-0.829,El Nino
01/01/2007,-0.378,La Nada
01/02/2007,-0.305,La Nada
01/03/2007,-0.351,La Nada
01/04/2007,-0.299,La Nada
01/05/2007,0.138,La Nada
01/06/2007,-0.443,La Nada
01/07/2007,0.008,La Nada
01/08/2007,0.117,La Nada
01/09/2007,0.44,La Nada
01/10/2007,0.819,La Nina
01/11/2007,1.488,La Nina
01/12/2007,1.535,La Nina
01/01/2008,2.048,La Nina
01/02/2008,1.04,La Nina
01/03/2008,0.556,La Nina
01/04/2008,-0.25,La Nada
01/05/2008,0.34,La Nada
01/06/2008,0.195,La Nada
01/07/2008,0.637,La Nina
01/08/2008,1.264,La Nina
01/09/2008,1.522,La Nina
01/10/2008,1.643,La Nina
01/11/2008,1.427,La Nina
01/12/2008,0.847,La Nina
01/01/2009,1.375,La Nina
01/02/2009,-0.208,La Nada
01/03/2009,1.062,La Nina
01/04/2009,-0.862,El Nino
01/05/2009,-0.447,La Nada
01/06/2009,0.184,La Nada
01/07/2009,-0.59,El Nino
01/08/2009,0.351,La Nada
01/09/2009,-1.664,El Nino
01/10/2009,-0.675,El Nino
01/11/2009,-0.947,El Nino
01/12/2009,-1.126,El Nino
01/01/2010,-1.589,El Nino
01/02/2010,-1.399,El Nino
01/03/2010,1.885,La Nina
01/04/2010,0.853,La Nina
01/05/2010,0.236,La Nada
01/06/2010,1.953,La Nina
01/07/2010,1.77,La Nina
01/08/2010,2.436,La Nina
01/09/2010,1.796,La Nina
01/10/2010,1.623,La Nina
01/11/2010,2.904,La Nina
01/12/2010,2.005,La Nina
01/01/2011,2.116,La Nina
01/02/2011,2.086,La Nina
01/03/2011,3.024,La Nina
01/04/2011,0.465,La Nada
01/05/2011,-0.04,La Nada
01/06/2011,1.111,La Nina
01/07/2011,0.065,La Nada
01/08/2011,1.137,La Nina
01/09/2011,0.905,La Nina
01/10/2011,1.412,La Nina
01/11/2011,2.454,La Nina
01/12/2011,0.896,La Nina
01/01/2012,0.219,La Nada
01/02/2012,0.196,La Nada
01/03/2012,-0.646,El Nino
01/04/2012,-0.385,La Nada
01/05/2012,-1.507,El Nino
01/06/2012,-0.152,La Nada
01/07/2012,-0.744,El Nino
01/08/2012,0.22,La Nada
01/09/2012,0.17,La Nada
01/10/2012,0.328,La Nada
01/11/2012,-0.775,El Nino
01/12/2012,-0.104,La Nada
01/01/2013,-0.473,El Nino
01/02/2013,1.064,La Nina
01/03/2013,0.008,La Nada
01/04/2013,0.903,La Nina
01/05/2013,1.453,La Nina
01/06/2013,0.764,La Nina
01/07/2013,-0.227,La Nada
01/08/2013,0.405,La Nada
01/09/2013,-0.337,La Nada
01/10/2013,0.749,La Nina
01/11/2013,-0.046,La Nada
01/12/2013,1.187,La Nina
01/01/2014,-0.325,La Nada
01/02/2014,-1.698,El Nino
01/03/2014,0.809,La Nina
01/04/2014,0.723,La Nina
01/05/2014,-0.459,La Nada
01/06/2014,-0.256,La Nada
01/07/2014,-1.424,El Nino
01/08/2014,-0.658,El Nino
01/09/2014,-0.862,El Nino
01/10/2014,-0.96,El Nino
01/11/2014,-0.659,El Nino
01/12/2014,-0.866,El Nino
01/01/2015,-0.042,La Nada
01/02/2015,-1.396,El Nino
01/03/2015,-0.267,La Nada
01/04/2015,-1.044,El Nino
01/05/2015,-1.715,El Nino
01/06/2015,-1.414,El Nino
01/07/2015,-2.147,El Nino
01/08/2015,-1.65,El Nino
01/09/2015,-1.912,El Nino
01/10/2015,-0.633,El Nino
01/11/2015,-0.997,El Nino
01/12/2015,-2.122,El Nino
01/01/2016,-2.094,El Nino
01/02/2016,-0.755,El Nino
01/03/2016,-2.608,El Nino
01/04/2016,0.216,La Nada
01/05/2016,0.441,La Nada
01/06/2016,0.448,La Nada
01/07/2016,0.404,La Nada
01/08/2016,1.278,La Nina
01/09/2016,-0.66,El Nino
01/10/2016,-0.227,La Nada
01/11/2016,0.19,La Nada
01/12/2016,0.077,La Nada
01/01/2017,-0.328,La Nada
01/02/2017,0.409,La Nada
01/03/2017,-0.752,El Nino
01/04/2017,0.23,La Nada
01/05/2017,-1.392,El Nino
01/06/2017,0.847,La Nina
01/07/2017,0.167,La Nada
01/08/2017,0.622,La Nina
01/09/2017,0.753,La Nina
01/10/2017,0.935,La Nina
01/11/2017,-0.265,La Nada
01/12/2017,0.109,La Nada
01/01/2018,0.915,La Nina
01/02/2018,-0.731,El Nino
01/03/2018,1.028,La Nina
01/04/2018,0.577,La Nina
01/05/2018,0.558,La Nina
01/06/2018,-0.744,El Nino
01/07/2018,0.175,La Nada
01/08/2018,-0.87,El Nino
01/09/2018,-0.992,El Nino
01/10/2018,0.267,La Nada
01/11/2018,-0.082,La Nada
01/12/2018,0.926,La Nina
01/01/2019,-0.16,La Nada
01/02/2019,-1.434,El Nino
01/03/2019,-0.913,El Nino
01/04/2019,-0.035,La Nada
01/05/2019,-0.715,El Nino
01/06/2019,-1.356,El Nino
01/07/2019,-0.512,El Nino
01/08/2019,-0.702,El Nino
01/09/2019,-1.261,El Nino
01/10/2019,-0.664,El Nino
01/11/2019,-1.03,El Nino
01/12/2019,-0.727,El Nino
01/01/2020,0.01,La Nada
01/02/2020,-0.314,La Nada
01/03/2020,-0.75,El Nino
01/04/2020,0.155,La Nada
01/05/2020,0.707,La Nina
01/06/2020,-1.359,El Nino
01/07/2020,0.437,La Nada
01/08/2020,0.847,La Nina
01/09/2020,0.98,La Nina
01/10/2020,0.271,La Nada
01/11/2020,0.853,La Nina
01/12/2020,1.763,La Nina
01/01/2021,1.2835,La Nina
01/02/2021,1.017,La Nina
01/03/2021,-0.197,La Nada
01/04/2021,0.303,La Nada
01/05/2021,0.487,La Nina
01/06/2021,0.224,La Nada
01/07/2021,1.614,La Nina
01/08/2021,0.273,La Nada
01/09/2021,0.858,La Nina
01/10/2021,0.512,La Nina
01/11/2021,1.118,La Nina
01/12/2021,1.427,La Nina
01/01/2022,0.338,La Nada
01/02/2022,0.757,La Nina
01/03/2022,1.353,La Nina
01/04/2022,2.686,La Nina
01/05/2022,1.904,La Nina
01/06/2022,2.449,La Nina
01/07/2022,0.91,La Nina
01/08/2022,0.805,La Nina
01/09/2022,1.734,La Nina
01/10/2022,1.725,La Nina
01/11/2022,0.311,La Nada
01/12/2022,2.111,La Nina
01/01/2023,1.136,La Nina
01/02/2023,0.931,La Nina
01/03/2023,-0.381,La Nada
01/04/2023,-0.034,La Nada
01/05/2023,-1.602,El Nino
01/06/2023,-0.123,La Nada
01/07/2023,-0.382,La Nada
01/08/2023,-1.598,El Nino
01/09/2023,-1.36,El Nino
01/10/2023,-0.599,El Nino
01/11/2023,-0.897,El Nino
01/12/2023,-0.386,La Nada
01/01/2024,0.307,La Nada
01/02/2024,-1.471,El Nino
